,count,mean,std,min,25%,50%,75%,max
height,99992.0,2208.9105128410274,1188.7825057254258,17.0,1184.75,2048.0,3024.0,12032.0
width,99992.0,2259.269061524922,1477.3810297195896,37.0,1080.0,1706.0,4032.0,16320.0
size,99992.0,6426555.786652932,6144280.120393767,629.0,1313200.75,2962440.0,12192768.0,149817600.0
aspect_ratio,99992.0,1.0310403785096722,0.3635090829974225,0.125,0.75,1.0,1.3333333333333333,4.833753148614609
