{
    "mean": [
        0.567618727684021,
        0.47729068994522095,
        0.3798440098762512
    ],
    "std": [
        0.25953221321105957,
        0.2582128643989563,
        0.27396878600120544
    ]
}