{
    "mean": [
        0.5676564574241638,
        0.47728729248046875,
        0.37979528307914734
    ],
    "std": [
        0.26058921217918396,
        0.2594587504863739,
        0.27541837096214294
    ]
}